{
  "n_total": 32593,
  "final_result": {
    "Pass": [
      12361,
      37.93
    ],
    "Withdrawn": [
      10156,
      31.16
    ],
    "Fail": [
      7052,
      21.64
    ],
    "Distinction": [
      3024,
      9.28
    ]
  },
  "disparity_gap_failwd": {
    "imd_band": 0.22369999999999995,
    "disability": 0.10030000000000006,
    "highest_education": 0.3582000000000001,
    "age_band": 0.1654,
    "num_of_prev_attempts": 0.33899999999999997
  },
  "mpi_corr_passed": {
    "D1_engagement": 0.4172,
    "D2_diversity": -0.1396,
    "D3_timeliness": 0.1637,
    "D4_persistence": -0.006,
    "MPI": 0.1306
  },
  "mpi_by_final_result": {
    "D1_engagement": {
      "Distinction": 0.366,
      "Fail": -0.246,
      "Pass": 0.181,
      "Withdrawn": -0.261
    },
    "D2_diversity": {
      "Distinction": -0.228,
      "Fail": 0.131,
      "Pass": -0.105,
      "Withdrawn": 0.17
    },
    "D3_timeliness": {
      "Distinction": 0.223,
      "Fail": -0.117,
      "Pass": 0.098,
      "Withdrawn": -0.169
    },
    "D4_persistence": {
      "Distinction": -0.08,
      "Fail": 0.048,
      "Pass": 0.013,
      "Withdrawn": -0.036
    },
    "MPI": {
      "Distinction": 0.07,
      "Fail": -0.046,
      "Pass": 0.047,
      "Withdrawn": -0.074
    }
  },
  "n_mpi_matched": 28563,
  "model_without_mpi": {
    "LogReg": {
      "acc": 0.8231684869309117,
      "f1": 0.8220640904268366,
      "auc": 0.8995989315637402
    },
    "RF": {
      "acc": 0.9453920726469506,
      "f1": 0.9453311653973513,
      "auc": 0.9829077932933787
    }
  },
  "model_with_mpi": {
    "LogReg": {
      "acc": 0.8504110933856915,
      "f1": 0.8500851040858367,
      "auc": 0.9284385654588813
    },
    "RF": {
      "acc": 0.9451466437599706,
      "f1": 0.9450881350083655,
      "auc": 0.9834717580170484
    }
  },
  "mpi_lift_auc_RF": 0.0006,
  "mpi_lift_f1_RF": -0.0002,
  "model_4class_RF": {
    "acc": 0.7416860964535525,
    "f1": 0.6795195960784262
  },
  "top10_perm_importance": {
    "mean_submit_delay": 0.19919,
    "n_submissions": 0.04393,
    "mean_score_Exam": 0.01323,
    "mean_score_TMA": 0.00399,
    "D1_engagement": 0.00379,
    "mean_score_CMA": 0.00317,
    "D3_timeliness": 0.00266,
    "min_score": 0.00205,
    "max_score": 0.00164,
    "mean_score": 0.00157
  },
  "top10_impurity": {
    "mean_submit_delay": 0.28644,
    "n_submissions": 0.1373,
    "max_score": 0.0934,
    "D1_engagement": 0.08367,
    "mean_score": 0.06297,
    "median_score": 0.05429,
    "mean_score_TMA": 0.04591,
    "std_score": 0.03942,
    "D3_timeliness": 0.03666,
    "mean_score_Exam": 0.0353
  },
  "top10_shap": {
    "mean_submit_delay": 0.154,
    "n_submissions": 0.07808,
    "max_score": 0.05437,
    "D1_engagement": 0.04836,
    "mean_score": 0.03877,
    "median_score": 0.0324,
    "mean_score_TMA": 0.03111,
    "std_score": 0.02007,
    "mean_score_Exam": 0.01727,
    "D3_timeliness": 0.01724
  },
  "shap_ok": true,
  "fairness_disability": {
    "disadvantaged": {
      "n": 794,
      "selection_rate": 0.4169,
      "tpr": 0.9676
    },
    "advantaged": {
      "n": 7355,
      "selection_rate": 0.504,
      "tpr": 0.9666
    },
    "dp_diff": 0.0871,
    "eo_tpr_diff": -0.001
  },
  "fairness_prevattempts": {
    "disadvantaged": {
      "n": 1051,
      "selection_rate": 0.3302,
      "tpr": 0.9233
    },
    "advantaged": {
      "n": 7098,
      "selection_rate": 0.52,
      "tpr": 0.9707
    },
    "dp_diff": 0.1898,
    "eo_tpr_diff": 0.0474
  }
}